family,n_qubits,depth_setting,effective_hilbert_dim,expressibility_kl,meyer_wallach_mean,meyer_wallach_std,gradient_variance_mean_local_z,gradient_variance_median_local_z,log10_gradient_variance_mean_local_z,mean_abs_gradient_local_z,near_zero_gradient_fraction_local_z,gradient_variance_mean_staggered_z,gradient_variance_median_staggered_z,log10_gradient_variance_mean_staggered_z,mean_abs_gradient_staggered_z,near_zero_gradient_fraction_staggered_z,parameter_count,logical_depth,compiled_depth,total_gate_count,two_qubit_gate_count,connectivity_edges,connectivity_density,mean_degree,max_degree,degree_std,n_components,largest_component_fraction,global_efficiency,avg_shortest_path,diameter,avg_shortest_path_lcc,diameter_lcc,clustering_coefficient,mean_edges_per_layer,std_edges_per_layer,edge_coverage,edge_reuse_fraction,pareto_quantum
brickwall,4.0,1.0,16.0,0.22920821923302254,0.3729237609408649,0.2252004815233676,0.040411091918745666,4.236871562141308e-33,-1.3957101848441447,0.051898426389110755,0.9166666666666666,0.0105831577434084,1.1153441046321759e-33,-1.9759818526313186,0.043555465938991324,0.6666666666666666,12.0,2.0,2.0,6.0,2.0,2.0,0.3333333333333333,1.0,1.0,0.0,2.0,0.5,0.3333333333333333,,,1.0,1.0,0.0,2.0,0.0,0.3333333333333333,0.0,False
brickwall,4.0,2.0,16.0,0.0718895489031426,0.5491004715141352,0.19500199169692206,0.02890934579427588,5.450647140154398e-33,-1.5396747057734033,0.05501834624345956,0.75,0.006990196322477429,0.00298417694120146,-2.156040743036414,0.045073239927358226,0.3333333333333333,24.0,4.0,4.0,11.0,3.0,3.0,0.5,1.5,2.0,0.5,1.0,1.0,0.7222222222222222,1.6666666666666667,3.0,1.6666666666666667,3.0,0.0,1.5,0.5,0.5,0.0,False
brickwall,4.0,3.0,16.0,0.0167317981829667,0.6759528496550748,0.15615144723717697,0.028396642848949383,5.4481645482085105e-33,-1.5473429695119834,0.05900498350016462,0.75,0.00585577766842198,0.00466928405425983,-2.232926425365707,0.046399563555038145,0.22222222222222224,36.0,6.0,6.0,17.0,5.0,3.0,0.5,1.5,2.0,0.5,1.0,1.0,0.7222222222222222,1.6666666666666667,3.0,1.6666666666666667,3.0,0.0,1.6666666666666667,0.4714045207910317,0.5,0.4,False
brickwall,4.0,4.0,16.0,0.00540418886283089,0.7067719074001794,0.14431506517823914,0.02252805163009056,0.00266806706158233,-1.647901103731377,0.06685766800942113,0.4791666666666667,0.00545047461643784,0.00527931619144275,-2.2638533402982635,0.04922123735915218,0.1666666666666666,48.0,8.0,8.0,22.0,6.0,3.0,0.5,1.5,2.0,0.5,1.0,1.0,0.7222222222222222,1.6666666666666667,3.0,1.6666666666666667,3.0,0.0,1.5,0.5,0.5,0.5,False
brickwall,4.0,5.0,16.0,0.00244019286602375,0.7622933329994552,0.12028550556795581,0.02127534804360861,9.065620145096066e-33,-1.6724404290285317,0.06516258056417312,0.5333333333333333,0.0054546158487522,0.005369328610638871,-2.2639258444867365,0.05056637793548665,0.1333333333333333,60.0,10.0,10.0,28.0,8.0,3.0,0.5,1.5,2.0,0.5,1.0,1.0,0.7222222222222222,1.6666666666666667,3.0,1.6666666666666667,3.0,0.0,1.6,0.4898979485566356,0.5,0.625,False
brickwall,6.0,1.0,64.0,0.19800506324578662,0.3789748254452633,0.1818350203628542,0.02731262302414571,5.491780695274968e-33,-1.5650377454829008,0.03492674448136224,0.9444444444444444,0.00461749728696891,9.05600538149488e-34,-2.335972599963506,0.02895733724296795,0.6667222222222222,18.0,2.0,2.0,9.0,3.0,3.0,0.2,1.0,1.0,0.0,3.0,0.3333333333333333,0.2,,,1.0,1.0,0.0,3.0,0.0,0.2,0.0,False
brickwall,6.0,2.0,64.0,0.09267468483100198,0.6064409197926587,0.15468414769488098,0.01922172597017781,4.8337201601864794e-33,-1.7167592089817056,0.03641857725762482,0.8333333333333334,0.00303044740693431,0.00120715430481097,-2.51895331211718,0.02898248943010858,0.3333333333333333,36.0,4.0,4.0,17.0,5.0,5.0,0.3333333333333333,1.6666666666666667,2.0,0.4714045207910317,1.0,1.0,0.58,2.333333333333333,5.0,2.333333333333333,5.0,0.0,2.5,0.5,0.3333333333333333,0.0,False
brickwall,6.0,3.0,64.0,0.03693304780028331,0.7254976451058394,0.12244942785960233,0.01794400802801612,4.166972432599963e-33,-1.7466939952532072,0.03783252624583452,0.8333333333333334,0.00228323127730771,0.00185198592782358,-2.641836771673943,0.02823944094520724,0.22222222222222224,54.0,6.0,6.0,26.0,8.0,5.0,0.3333333333333333,1.6666666666666667,2.0,0.4714045207910317,1.0,1.0,0.58,2.333333333333333,5.0,2.333333333333333,5.0,0.0,2.6666666666666665,0.4714045207910317,0.3333333333333333,0.375,False
brickwall,6.0,4.0,64.0,0.014585508038319739,0.7786019920702019,0.10185385816319918,0.01530668272424798,4.1941259132097636e-33,-1.815508376213856,0.044823137787803495,0.6527777777777778,0.0019918219927746303,0.00185886090102033,-2.7011018894238,0.028752135550280777,0.1666666666666666,72.0,8.0,8.0,34.0,10.0,5.0,0.3333333333333333,1.6666666666666667,2.0,0.4714045207910317,1.0,1.0,0.58,2.333333333333333,5.0,2.333333333333333,5.0,0.0,2.5,0.5,0.3333333333333333,0.5,False
brickwall,6.0,5.0,64.0,0.0061826785535046,0.8305397694380536,0.08270353414297527,0.014285843374663931,3.87425628605689e-33,-1.8454267743289272,0.04343098933161416,0.6888888888888889,0.00173785547976976,0.001627725740159,-2.7603726762167797,0.02769845536669801,0.1333333333333333,90.0,10.0,10.0,43.0,13.0,5.0,0.3333333333333333,1.6666666666666667,2.0,0.4714045207910317,1.0,1.0,0.58,2.333333333333333,5.0,2.333333333333333,5.0,0.0,2.6,0.4898979485566356,0.3333333333333333,0.6153846153846154,False
brickwall,8.0,1.0,256.0,0.21178867807816473,0.37638523767093857,0.1554394611309921,0.02053173947727318,6.942250765828067e-33,-1.6882111153775035,0.026114496571072,0.9583333333333334,0.0025611737992303403,7.207210166532122e-34,-2.5918775171888884,0.02146534339085939,0.6666666666666666,24.0,2.0,2.0,12.0,4.0,4.0,0.1428571428571428,1.0,1.0,0.0,4.0,0.25,0.1428571428571428,,,1.0,1.0,0.0,4.0,0.0,0.1428571428571428,0.0,False
brickwall,8.0,2.0,256.0,0.11901804764260344,0.6339400430218272,0.1382939859330235,0.014206707120331629,5.2814384011067506e-33,-1.8479469202173981,0.027152758464533227,0.875,0.0015853303300858601,0.00062684903544686,-2.8002917913876093,0.02070790276295421,0.3333333333333333,48.0,4.0,4.0,23.0,7.0,7.0,0.25,1.75,2.0,0.4330127018922193,1.0,1.0,0.49081632653061213,3.0,7.0,3.0,7.0,0.0,3.5,0.5,0.25,0.0,False
brickwall,8.0,3.0,256.0,0.04607743659874989,0.7588638987068058,0.0978705199773535,0.01389976383176315,5.069130091842707e-33,-1.857275147101434,0.029187261837905643,0.875,0.00120716205683103,0.0009915339226467998,-2.9186172003490687,0.02032743768902441,0.22222222222222224,72.0,6.0,6.0,35.0,11.0,7.0,0.25,1.75,2.0,0.4330127018922193,1.0,1.0,0.49081632653061213,3.0,7.0,3.0,7.0,0.0,3.6666666666666665,0.4714045207910317,0.25,0.3636363636363636,False
brickwall,8.0,4.0,256.0,0.0222100880806333,0.808118945003741,0.08019903456961958,0.011492015826709171,4.106914503815965e-33,-1.9399792169615957,0.03333987766041141,0.7395833333333334,0.0010012060332454,0.0009176182066007101,-2.9999681579095485,0.02013491427597078,0.1666666666666666,96.0,8.0,8.0,46.0,14.0,7.0,0.25,1.75,2.0,0.4330127018922193,1.0,1.0,0.49081632653061213,3.0,7.0,3.0,7.0,0.0,3.5,0.5,0.25,0.5,False
brickwall,8.0,5.0,256.0,0.00922222695353776,0.8599355938500359,0.06396566844771237,0.010824442487944551,3.561668361110992e-33,-1.966213299625426,0.0324773636672909,0.7666666666666667,0.00085992993848284,0.00077817184215973,-3.065923979069853,0.01921712589725224,0.1333333333333333,120.0,10.0,10.0,58.0,18.0,7.0,0.25,1.75,2.0,0.4330127018922193,1.0,1.0,0.49081632653061213,3.0,7.0,3.0,7.0,0.0,3.6,0.4898979485566356,0.25,0.6111111111111112,False
hea_line,4.0,1.0,16.0,0.23286801764758214,0.6158595917003213,0.21616908181580752,0.040559733115810445,4.447243672227386e-33,-1.3941725364295185,0.051664227967939846,0.9166666666666666,0.00857262014670407,1.0545692291569694e-33,-2.0690119178889406,0.03322444955898337,0.6666666666666666,12.0,4.0,4.0,7.0,3.0,3.0,0.5,1.5,2.0,0.5,1.0,1.0,0.7222222222222222,1.6666666666666667,3.0,1.6666666666666667,3.0,0.0,3.0,0.0,0.5,0.0,False
hea_line,4.0,2.0,16.0,0.014974828817859559,0.7037436121648712,0.16008962897036189,0.02852522873822525,4.809887318526098e-33,-1.5454470677097245,0.054740464842355306,0.75,0.00590181292846558,0.00324232559745991,-2.230070946279015,0.04094657739731215,0.3333333333333333,24.0,7.0,7.0,14.0,6.0,3.0,0.5,1.5,2.0,0.5,1.0,1.0,0.7222222222222222,1.6666666666666667,3.0,1.6666666666666667,3.0,0.0,3.0,0.0,0.5,0.5,False
hea_line,4.0,3.0,16.0,0.0030576126692579498,0.7884140718578995,0.11541578471602962,0.02341341541743515,5.5830596189488286e-33,-1.6306960149655658,0.06184820751759793,0.6111111111111112,0.00525693016190626,0.00422459250422332,-2.2798070586958863,0.04571316706330792,0.22222222222222224,36.0,10.0,10.0,21.0,9.0,3.0,0.5,1.5,2.0,0.5,1.0,1.0,0.7222222222222222,1.6666666666666667,3.0,1.6666666666666667,3.0,0.0,3.0,0.0,0.5,0.6666666666666667,False
hea_line,4.0,4.0,16.0,0.0018359880503754302,0.7992968322918129,0.09593543868139502,0.01790183019115247,0.00474997385147177,-1.7474185466437067,0.06206330318601614,0.4791666666666667,0.00524056366768571,0.0049748775247493,-2.281275442125223,0.04936496710101655,0.1666666666666666,48.0,13.0,13.0,28.0,12.0,3.0,0.5,1.5,2.0,0.5,1.0,1.0,0.7222222222222222,1.6666666666666667,3.0,1.6666666666666667,3.0,0.0,3.0,0.0,0.5,0.75,False
hea_line,4.0,5.0,16.0,0.0022257438400281903,0.8147493834910232,0.08303398632842598,0.01798274312690305,0.015069929470174308,-1.7454666223925996,0.0732281927989753,0.3833333333333333,0.0055187507294985,0.00566244032067742,-2.258636588036064,0.052585912020234035,0.1333333333333333,60.0,16.0,16.0,35.0,15.0,3.0,0.5,1.5,2.0,0.5,1.0,1.0,0.7222222222222222,1.6666666666666667,3.0,1.6666666666666667,3.0,0.0,3.0,0.0,0.5,0.8,False
hea_line,6.0,1.0,64.0,0.21359368588997252,0.7230500799106145,0.15034290642999687,0.027395317730143132,5.089807610547171e-33,-1.56300555174562,0.034948332230450005,0.9444444444444444,0.00294290711321445,7.631453900971691e-34,-2.5327779812157094,0.01703771521209633,0.6666666666666666,18.0,6.0,6.0,11.0,5.0,5.0,0.3333333333333333,1.6666666666666667,2.0,0.4714045207910317,1.0,1.0,0.58,2.333333333333333,5.0,2.333333333333333,5.0,0.0,5.0,0.0,0.3333333333333333,0.0,False
hea_line,6.0,2.0,64.0,0.02785644885709762,0.7975316390547552,0.10646786116016409,0.01904449872092808,4.3073354543881706e-33,-1.721675377403722,0.03609869356390981,0.8333333333333334,0.0018835776932817397,0.0004941670175539999,-2.7259512392091776,0.02096748553600615,0.3333333333333333,36.0,9.0,9.0,22.0,10.0,5.0,0.3333333333333333,1.6666666666666667,2.0,0.4714045207910317,1.0,1.0,0.58,2.333333333333333,5.0,2.333333333333333,5.0,0.0,5.0,0.0,0.3333333333333333,0.5,False
hea_line,6.0,3.0,64.0,0.00501286895241184,0.8806496552629067,0.06640490252888413,0.015610157681399232,3.250795578896206e-33,-1.807346253658702,0.04106482835164873,0.7407407407407407,0.001474684074393,0.00071220203620993,-2.831963149445134,0.022115079937687458,0.22222222222222224,54.0,12.0,12.0,33.0,15.0,5.0,0.3333333333333333,1.6666666666666667,2.0,0.4714045207910317,1.0,1.0,0.58,2.333333333333333,5.0,2.333333333333333,5.0,0.0,5.0,0.0,0.3333333333333333,0.6666666666666667,True
hea_line,6.0,4.0,64.0,0.00096177195327693,0.911334217071647,0.047419545912807594,0.01246299992070771,3.149049810857545e-33,-1.9048105720254909,0.0424745486856687,0.6527777777777778,0.0012794216287145,0.0008850890232154201,-2.8936358826579442,0.02298510204483543,0.1666666666666666,72.0,15.0,15.0,44.0,20.0,5.0,0.3333333333333333,1.6666666666666667,2.0,0.4714045207910317,1.0,1.0,0.58,2.333333333333333,5.0,2.333333333333333,5.0,0.0,5.0,0.0,0.3333333333333333,0.75,True
hea_line,6.0,5.0,64.0,0.00057589668533187,0.9328493696003382,0.032045995181196066,0.00970150299272261,4.224338456437577e-33,-2.0137841477928697,0.04279585496272969,0.5666666666666667,0.0011244632938710599,0.0009604180825017201,-2.9491569501675983,0.02299366282140829,0.1333333333333333,90.0,18.0,18.0,55.0,25.0,5.0,0.3333333333333333,1.6666666666666667,2.0,0.4714045207910317,1.0,1.0,0.58,2.333333333333333,5.0,2.333333333333333,5.0,0.0,5.0,0.0,0.3333333333333333,0.8,True
hea_line,8.0,1.0,256.0,0.2045842395929037,0.7703961406524135,0.11995067947442177,0.02044521654140458,6.85248810259934e-33,-1.690416108209945,0.02597927982607181,0.9583333333333334,0.00128191375750943,5.2749736420954105e-34,-2.8938189143553243,0.01022482268029852,0.6667083333333333,24.0,8.0,8.0,15.0,7.0,7.0,0.25,1.75,2.0,0.4330127018922193,1.0,1.0,0.49081632653061213,3.0,7.0,3.0,7.0,0.0,7.0,0.0,0.25,0.0,False
hea_line,8.0,2.0,256.0,0.03697780358834663,0.8383291745362899,0.0784759002567119,0.014247393480796742,4.747924352918758e-33,-1.846672213506175,0.02711690840958847,0.875,0.0007949753143408299,8.802815554633656e-05,-3.1011888759072233,0.012428576499613011,0.3333333333333333,48.0,11.0,11.0,30.0,14.0,7.0,0.25,1.75,2.0,0.4330127018922193,1.0,1.0,0.49081632653061213,3.0,7.0,3.0,7.0,0.0,7.0,0.0,0.25,0.5,False
hea_line,8.0,3.0,256.0,0.005428182171573851,0.908517303832322,0.050338911962985435,0.01182491914745057,3.5341773552703345e-33,-1.9278905871952259,0.03109776021280624,0.8055555555555556,0.00056507128027884,0.00014160851968536,-3.248238480762739,0.012439538570415461,0.22222222222222224,72.0,14.0,14.0,45.0,21.0,7.0,0.25,1.75,2.0,0.4330127018922193,1.0,1.0,0.49081632653061213,3.0,7.0,3.0,7.0,0.0,7.0,0.0,0.25,0.6666666666666667,False
hea_line,8.0,4.0,256.0,0.0006891505817224327,0.9381962089436259,0.03393777023688665,0.00909177697469641,2.8568371075317983e-33,-2.0418083034104453,0.03152706573732729,0.7395833333333334,0.00047998526474726,0.00018798508297373002,-3.3195816475236297,0.013028655940745048,0.1666666666666666,96.0,17.0,17.0,60.0,28.0,7.0,0.25,1.75,2.0,0.4330127018922193,1.0,1.0,0.49081632653061213,3.0,7.0,3.0,7.0,0.0,7.0,0.0,0.25,0.75,False
hea_line,8.0,5.0,256.0,0.00039209560465509956,0.9603476163698114,0.022129341261444148,0.0071633309430570195,2.6621255760279753e-33,-2.1451534046508933,0.0316497048136915,0.675,0.00038395768326009,0.00019565445413077,-3.4160868326666147,0.01247242822404219,0.1333333333333333,120.0,20.0,20.0,75.0,35.0,7.0,0.25,1.75,2.0,0.4330127018922193,1.0,1.0,0.49081632653061213,3.0,7.0,3.0,7.0,0.0,7.0,0.0,0.25,0.8,True
hea_ring,4.0,1.0,16.0,0.24096276579071652,0.7881160893739036,0.14937577710380806,0.03070543491834545,2.436961697102991e-33,-1.5138541384282138,0.06323637498775479,0.75,0.00795922418788653,8.219841888461306e-34,-2.1008434927713386,0.03402902963841947,0.6666666666666666,12.0,5.0,5.0,8.0,4.0,4.0,0.6666666666666666,2.0,2.0,0.0,1.0,1.0,0.8333333333333334,1.3333333333333333,2.0,1.3333333333333333,2.0,0.0,4.0,0.0,0.6666666666666666,0.0,True
hea_ring,4.0,2.0,16.0,0.0047293232630882,0.8423254921561373,0.08845548919911525,0.01576700961831973,0.01243284614177094,-1.8028424577860798,0.06448729230718128,0.4166666666666667,0.004345173172639541,0.0035586422839454595,-2.3628586795862754,0.038106071387398174,0.3333333333333333,24.0,10.0,10.0,16.0,8.0,4.0,0.6666666666666666,2.0,2.0,0.0,1.0,1.0,0.8333333333333334,1.3333333333333333,2.0,1.3333333333333333,2.0,0.0,4.0,0.0,0.6666666666666666,0.5,True
hea_ring,4.0,3.0,16.0,0.00222235890028092,0.8336556577648528,0.07538640282649654,0.021816659577805108,0.023695253249520397,-1.6617136403246284,0.09282521198940405,0.2777777777777778,0.005298740723794141,0.00586834111475215,-2.276416310088512,0.048609002568698004,0.22222222222222224,36.0,15.0,15.0,24.0,12.0,4.0,0.6666666666666666,2.0,2.0,0.0,1.0,1.0,0.8333333333333334,1.3333333333333333,2.0,1.3333333333333333,2.0,0.0,4.0,0.0,0.6666666666666666,0.6666666666666667,True
hea_ring,4.0,4.0,16.0,0.00176624980927533,0.8228722130811201,0.0752875060395505,0.02491104821712575,0.027889007882848694,-1.6036947729837212,0.10785730413331582,0.20833333333333331,0.00616631891638117,0.00692265993205837,-2.210504599423772,0.055361387216635506,0.1666666666666666,48.0,20.0,20.0,32.0,16.0,4.0,0.6666666666666666,2.0,2.0,0.0,1.0,1.0,0.8333333333333334,1.3333333333333333,2.0,1.3333333333333333,2.0,0.0,4.0,0.0,0.6666666666666666,0.75,False
hea_ring,4.0,5.0,16.0,0.00171646622050484,0.8280622668690786,0.07489798308111219,0.02591177524665834,0.029177065423080552,-1.5866095528358732,0.11454222080527102,0.1666666666666666,0.006431927201211959,0.0070557774348583594,-2.1921148777108903,0.05797671195230379,0.1333333333333333,60.0,25.0,25.0,40.0,20.0,4.0,0.6666666666666666,2.0,2.0,0.0,1.0,1.0,0.8333333333333334,1.3333333333333333,2.0,1.3333333333333333,2.0,0.0,4.0,0.0,0.6666666666666666,0.8,True
hea_ring,6.0,1.0,64.0,0.20794074303313007,0.847195547531423,0.11032199061527728,0.00855678904829485,1.5876479461372763e-33,-2.0693458177050723,0.029190123453841137,0.7222222222222222,0.00234529532108693,6.074968449363121e-34,-2.6326124174579837,0.01596226790075339,0.6666666666666666,18.0,7.0,7.0,12.0,6.0,6.0,0.4,2.0,2.0,0.0,1.0,1.0,0.6666666666666666,1.8,3.0,1.8,3.0,0.0,6.0,0.0,0.4,0.0,True
hea_ring,6.0,2.0,64.0,0.0159319450812834,0.9273337113104739,0.04752787182464835,0.00420584359803895,0.0036516002266026603,-2.377206990246795,0.0310344888855408,0.3888888888888889,0.00074984112112331,0.00056562589452373,-3.125939920230613,0.0147748694727727,0.3333333333333333,36.0,14.0,14.0,24.0,12.0,6.0,0.4,2.0,2.0,0.0,1.0,1.0,0.6666666666666666,1.8,3.0,1.8,3.0,0.0,6.0,0.0,0.4,0.5,False
hea_ring,6.0,3.0,64.0,0.0008821861954395801,0.9510984166061794,0.02456383525426935,0.00539172733660453,0.005833227233816339,-2.268896793998248,0.04578611078709375,0.2592592592592592,0.00086545121184595,0.0009523044921892401,-3.0631308851599397,0.01932452579520352,0.22222222222222224,54.0,21.0,21.0,36.0,18.0,6.0,0.4,2.0,2.0,0.0,1.0,1.0,0.6666666666666666,1.8,3.0,1.8,3.0,0.0,6.0,0.0,0.4,0.6666666666666667,False
hea_ring,6.0,4.0,64.0,0.00068582507964943,0.9527439749175184,0.018259602039277102,0.0064214426851086194,0.0071182214211871,-2.1925543233134537,0.05494077804199482,0.1944444444444444,0.0009685057844107499,0.00108022073109411,-3.0140908180460113,0.0218633131526988,0.1666666666666666,72.0,28.0,28.0,48.0,24.0,6.0,0.4,2.0,2.0,0.0,1.0,1.0,0.6666666666666666,1.8,3.0,1.8,3.0,0.0,6.0,0.0,0.4,0.75,False
hea_ring,6.0,5.0,64.0,0.00049071642324769,0.9539846395378898,0.01666206034018147,0.00667487629881799,0.00724666662565661,-2.1756044734705258,0.05813903559416768,0.1555555555555555,0.0010414813658206098,0.00116363606097861,-2.9825636275738288,0.023284534217965037,0.1333333333333333,90.0,35.0,35.0,60.0,30.0,6.0,0.4,2.0,2.0,0.0,1.0,1.0,0.6666666666666666,1.8,3.0,1.8,3.0,0.0,6.0,0.0,0.4,0.8,True
hea_ring,8.0,1.0,256.0,0.20132648409661966,0.8758119090110131,0.08823648054991741,0.00230088107590425,9.334793928407245e-34,-2.646001018879193,0.01258936915490833,0.708375,0.00103788266620556,4.652857982813498e-34,-2.9859660592356745,0.00936822848617604,0.6667083333333333,24.0,9.0,9.0,16.0,8.0,8.0,0.2857142857142857,2.0,2.0,0.0,1.0,1.0,0.5595238095238094,2.2857142857142856,4.0,2.2857142857142856,4.0,0.0,8.0,0.0,0.2857142857142857,0.0,False
hea_ring,8.0,2.0,256.0,0.018042428419402963,0.9377036829178202,0.04069380418877017,0.00102941476114016,0.0008575107000939801,-2.991248901824685,0.014508866564507469,0.375,0.000194481722947,0.00011128647685243797,-3.7133949853810684,0.00670403056103353,0.3333333333333333,48.0,18.0,18.0,32.0,16.0,8.0,0.2857142857142857,2.0,2.0,0.0,1.0,1.0,0.5595238095238094,2.2857142857142856,4.0,2.2857142857142856,4.0,0.0,8.0,0.0,0.2857142857142857,0.5,False
hea_ring,8.0,3.0,256.0,0.0005237933167566999,0.9764569370832861,0.01610581589159135,0.00135325158721625,0.0014592794773013898,-2.8691467109761253,0.02243953015341878,0.25,0.0001650572405679,0.00017046125856928998,-3.7829030342975067,0.008151813701787849,0.22222222222222224,72.0,27.0,27.0,48.0,24.0,8.0,0.2857142857142857,2.0,2.0,0.0,1.0,1.0,0.5595238095238094,2.2857142857142856,4.0,2.2857142857142856,4.0,0.0,8.0,0.0,0.2857142857142857,0.6666666666666667,False
hea_ring,8.0,4.0,256.0,0.0001519878342555789,0.9835935222538847,0.007943748732367379,0.00158586707569402,0.0017404075720540899,-2.7999474172293013,0.027228313208487,0.1875,0.00018466449493425,0.00020701703638602,-3.7340441798678663,0.00944124581144,0.1666666666666666,96.0,36.0,36.0,64.0,32.0,8.0,0.2857142857142857,2.0,2.0,0.0,1.0,1.0,0.5595238095238094,2.2857142857142856,4.0,2.2857142857142856,4.0,0.0,8.0,0.0,0.2857142857142857,0.75,False
hea_ring,8.0,5.0,256.0,0.00010378300772468738,0.9872148285923771,0.00424728885144916,0.0016752708602031398,0.00179965072903966,-2.7759700932194074,0.029130440968538368,0.15,0.00019476352983377002,0.00021729551877351,-3.710545707911166,0.01006365997756054,0.1333333333333333,120.0,45.0,45.0,80.0,40.0,8.0,0.2857142857142857,2.0,2.0,0.0,1.0,1.0,0.5595238095238094,2.2857142857142856,4.0,2.2857142857142856,4.0,0.0,8.0,0.0,0.2857142857142857,0.8,True
symmetry_xy,4.0,1.0,6.0,0.7276542678780736,0.496597116865682,0.2523782191208943,0.32588730457360116,8.342813104432883e-33,-0.4876412351338712,0.20937537135308423,0.8333333333333334,0.16770743225761084,3.878987627716864e-33,-0.7760081683205562,0.2134287535876081,0.6666666666666666,6.0,3.0,3.0,8.0,4.0,2.0,0.3333333333333333,1.0,1.0,0.0,2.0,0.5,0.3333333333333333,,,1.0,1.0,0.0,2.0,0.0,0.3333333333333333,0.0,True
symmetry_xy,4.0,2.0,6.0,0.16183174365065833,0.5448307806500087,0.24218693435243616,0.18237065898627072,1.5223164209148026e-32,-0.7404693224653645,0.11637164915624965,0.9090909090909092,0.04462728042599033,3.4188873982111155e-33,-1.3517128986737974,0.07987688572577127,0.7272727272727273,11.0,6.0,6.0,14.0,6.0,3.0,0.5,1.5,2.0,0.5,1.0,1.0,0.7222222222222222,1.6666666666666667,3.0,1.6666666666666667,3.0,0.0,1.5,0.5,0.5,0.0,False
symmetry_xy,4.0,3.0,6.0,0.03799247887643839,0.6662691180779905,0.19881608904062326,0.15739802539274317,2.1361690386171096e-32,-0.8035747999928354,0.1707313001759307,0.5294117647058824,0.06551718064808172,0.01667688646234987,-1.1842786469631998,0.14271211355567545,0.2352941176470588,17.0,9.0,9.0,22.0,10.0,3.0,0.5,1.5,2.0,0.5,1.0,1.0,0.7222222222222222,1.6666666666666667,3.0,1.6666666666666667,3.0,0.0,1.6666666666666667,0.4714045207910317,0.5,0.4,True
symmetry_xy,4.0,4.0,6.0,0.01612397173318086,0.7097021836035602,0.18160011699002165,0.1276101227322102,2.1743013347693383e-32,-0.894451765849493,0.1334788302069524,0.6363636363636364,0.03895420151064777,0.01022398453775126,-1.4104861145213028,0.10254012849371692,0.2727272727272727,22.0,12.0,12.0,28.0,12.0,3.0,0.5,1.5,2.0,0.5,1.0,1.0,0.7222222222222222,1.6666666666666667,3.0,1.6666666666666667,3.0,0.0,1.5,0.5,0.5,0.5,False
symmetry_xy,4.0,5.0,6.0,0.01145893463572884,0.7373979629605847,0.16464938751481145,0.1268063546046841,0.05464014444460501,-0.8972727814781564,0.18520573070650018,0.2857142857142857,0.0477736709648341,0.01799966170254137,-1.3220815791464302,0.13654616851349116,0.1428571428571428,28.0,15.0,15.0,36.0,16.0,3.0,0.5,1.5,2.0,0.5,1.0,1.0,0.7222222222222222,1.6666666666666667,3.0,1.6666666666666667,3.0,0.0,1.6,0.4898979485566356,0.5,0.625,True
symmetry_xy,6.0,1.0,20.0,1.489477561655781,0.48780860356491357,0.20992432546115886,0.22385432776324374,1.1465905238126344e-32,-0.6516079725850238,0.14244065009394893,0.888888888888889,0.07354348808657082,4.3826430774827655e-33,-1.1335903554233522,0.14167983120084424,0.6666666666666666,9.0,3.0,3.0,12.0,6.0,3.0,0.2,1.0,1.0,0.0,3.0,0.3333333333333333,0.2,,,1.0,1.0,0.0,3.0,0.0,0.2,0.0,False
symmetry_xy,6.0,2.0,20.0,0.3147238038152166,0.5906088108176986,0.1893921410133244,0.117305759464514,1.7063819035958357e-32,-0.9313040228471369,0.07483625833630832,0.9411764705882352,0.019850915205099712,1.9006334394932326e-33,-1.702697055740544,0.05565124998824794,0.7058823529411765,17.0,6.0,6.0,22.0,10.0,5.0,0.3333333333333333,1.6666666666666667,2.0,0.4714045207910317,1.0,1.0,0.58,2.333333333333333,5.0,2.333333333333333,5.0,0.0,2.5,0.5,0.3333333333333333,0.0,False
symmetry_xy,6.0,3.0,20.0,0.13071870634398405,0.6845258560619676,0.16198659763495993,0.1033941178411157,2.2369490431586043e-32,-0.9865549658635369,0.11115955869258505,0.6923076923076923,0.02669364424828239,0.00625685065262081,-1.5743547753870848,0.08834703378173334,0.2307692307692307,26.0,9.0,9.0,34.0,16.0,5.0,0.3333333333333333,1.6666666666666667,2.0,0.4714045207910317,1.0,1.0,0.58,2.333333333333333,5.0,2.333333333333333,5.0,0.0,2.6666666666666665,0.4714045207910317,0.3333333333333333,0.375,False
symmetry_xy,6.0,4.0,20.0,0.06924067127781428,0.7285121190366749,0.1417456724839053,0.08392163380656784,2.0931905187163772e-32,-1.0765476704069317,0.08874268510311693,0.7647058823529411,0.015159738624239711,0.00391696574209255,-1.8196744801456106,0.06583476438034613,0.2352941176470588,34.0,12.0,12.0,44.0,20.0,5.0,0.3333333333333333,1.6666666666666667,2.0,0.4714045207910317,1.0,1.0,0.58,2.333333333333333,5.0,2.333333333333333,5.0,0.0,2.5,0.5,0.3333333333333333,0.5,False
symmetry_xy,6.0,5.0,20.0,0.04662613225875326,0.7613424320755424,0.12571811162935392,0.07629775006325537,0.0103957066843106,-1.1178481909208025,0.11584711867329638,0.4884186046511628,0.0171668307696285,0.00627439296785601,-1.7658536185430003,0.07987375991913144,0.1395348837209302,43.0,15.0,15.0,56.0,26.0,5.0,0.3333333333333333,1.6666666666666667,2.0,0.4714045207910317,1.0,1.0,0.58,2.333333333333333,5.0,2.333333333333333,5.0,0.0,2.6,0.4898979485566356,0.3333333333333333,0.6153846153846154,True
symmetry_xy,8.0,1.0,70.0,2.2783570184589896,0.49841059991512005,0.16992997985602168,0.17377532309163937,1.2690494343774195e-32,-0.7612640979234974,0.1090847257998021,0.9166666666666666,0.04162471864818298,4.089586552608515e-33,-1.3808049591662148,0.10610322523700848,0.6666666666666666,12.0,3.0,3.0,16.0,8.0,4.0,0.1428571428571428,1.0,1.0,0.0,4.0,0.25,0.1428571428571428,,,1.0,1.0,0.0,4.0,0.0,0.1428571428571428,0.0,False
symmetry_xy,8.0,2.0,70.0,0.5474499231660717,0.6000180332119818,0.16186933263926176,0.0901937061731722,2.0251138591786822e-32,-1.0456917222575313,0.056511846287161306,0.9565217391304348,0.01103403209231972,1.9383356924776678e-33,-1.9576533344403964,0.042145939448509716,0.6956521739130435,23.0,6.0,6.0,30.0,14.0,7.0,0.25,1.75,2.0,0.4330127018922193,1.0,1.0,0.49081632653061213,3.0,7.0,3.0,7.0,0.0,3.5,0.5,0.25,0.0,False
symmetry_xy,8.0,3.0,70.0,0.2195629251853127,0.6940665571332965,0.13908595892961237,0.07752114485370665,2.0421321006420892e-32,-1.1110500436691522,0.08385904530943772,0.7714285714285715,0.013369973037793961,0.00379490295157705,-1.8742405274719574,0.06280946772318062,0.2285714285714285,35.0,9.0,9.0,46.0,22.0,7.0,0.25,1.75,2.0,0.4330127018922193,1.0,1.0,0.49081632653061213,3.0,7.0,3.0,7.0,0.0,3.6666666666666665,0.4714045207910317,0.25,0.3636363636363636,False
symmetry_xy,8.0,4.0,70.0,0.12184699081094293,0.737997196428103,0.12205719199771563,0.06086176900613721,1.6806072496528986e-32,-1.216252946120433,0.06494010403992803,0.8261086956521739,0.00805656659000562,0.00229075658732655,-2.0940680536271072,0.04814228765905049,0.217391304347826,46.0,12.0,12.0,60.0,28.0,7.0,0.25,1.75,2.0,0.4330127018922193,1.0,1.0,0.49081632653061213,3.0,7.0,3.0,7.0,0.0,3.5,0.5,0.25,0.5,False
symmetry_xy,8.0,5.0,70.0,0.08440701190070671,0.7763492955723146,0.10333257090603906,0.05834778280474395,2.3108704434689042e-32,-1.2346389285981734,0.0885707364808286,0.6207241379310344,0.00886569433516311,0.00336593690612636,-2.0526874257498506,0.05677487968311042,0.1379310344827586,58.0,15.0,15.0,76.0,36.0,7.0,0.25,1.75,2.0,0.4330127018922193,1.0,1.0,0.49081632653061213,3.0,7.0,3.0,7.0,0.0,3.6,0.4898979485566356,0.25,0.6111111111111112,True
ttn,4.0,1.0,16.0,0.23374618501899694,0.37336626115477106,0.22576988501868392,0.041652044298965414,4.357458434733841e-33,-1.3811193964658914,0.05304637792348823,0.9166666666666666,0.01017336688732808,1.1567326519964878e-33,-1.9935673562436584,0.04312019144201361,0.6666666666666666,12.0,2.0,2.0,6.0,2.0,2.0,0.3333333333333333,1.0,1.0,0.0,2.0,0.5,0.3333333333333333,,,1.0,1.0,0.0,2.0,0.0,0.3333333333333333,0.0,False
ttn,4.0,2.0,16.0,0.07194176912546718,0.5212707388482353,0.2159017497847425,0.029366359166999027,5.1625489731013154e-33,-1.5325342481207678,0.05548519866626929,0.75,0.0068424669583942,0.00323546798842841,-2.16522165640526,0.045030845214936985,0.3333333333333333,24.0,4.0,4.0,11.0,3.0,3.0,0.5,1.5,2.0,0.5,1.0,1.0,0.7222222222222222,1.6666666666666667,3.0,1.6666666666666667,3.0,0.0,1.5,0.5,0.5,0.0,False
ttn,4.0,3.0,16.0,0.01774611829453578,0.6383185338446152,0.17558277430729813,0.01747246384063779,6.1289933712104656e-33,-1.7585052421956053,0.04709418339297822,0.5555555555555556,0.005589496045011901,0.004367180653399009,-2.2535581781359997,0.04479832170434492,0.22222222222222224,36.0,6.0,6.0,17.0,5.0,3.0,0.5,1.5,2.0,0.5,1.0,1.0,0.7222222222222222,1.6666666666666667,3.0,1.6666666666666667,3.0,0.0,1.6666666666666667,0.4714045207910317,0.5,0.4,False
ttn,4.0,4.0,16.0,0.00686759617530492,0.6610072979920483,0.15587893730047805,0.01915740217976476,0.00345157344497503,-1.7187050492062224,0.06257819799296394,0.4791666666666667,0.00614067156204652,0.00603336960779435,-2.2121793780964083,0.05249542134030891,0.1666666666666666,48.0,8.0,8.0,22.0,6.0,3.0,0.5,1.5,2.0,0.5,1.0,1.0,0.7222222222222222,1.6666666666666667,3.0,1.6666666666666667,3.0,0.0,1.5,0.5,0.5,0.5,False
ttn,4.0,5.0,16.0,0.00373093508593558,0.719239662127139,0.14303747847721587,0.019866764801762422,0.01724556726365537,-1.7021463164814417,0.07763377597577424,0.3333333333333333,0.00562242062505583,0.00532953288516866,-2.2503250589727557,0.05102946435304797,0.1333333333333333,60.0,10.0,10.0,28.0,8.0,3.0,0.5,1.5,2.0,0.5,1.0,1.0,0.7222222222222222,1.6666666666666667,3.0,1.6666666666666667,3.0,0.0,1.6,0.4898979485566356,0.5,0.625,False
ttn,6.0,1.0,64.0,0.2165369639604558,0.3754805788964458,0.18573479917059404,0.028607593831244983,5.021282573098188e-33,-1.5439610383756985,0.035907859416452845,0.9444444444444444,0.004692904524433749,7.742879209108596e-34,-2.3291562401548394,0.02909256724817902,0.6666666666666666,18.0,2.0,2.0,9.0,3.0,3.0,0.2,1.0,1.0,0.0,3.0,0.3333333333333333,0.2,,,1.0,1.0,0.0,3.0,0.0,0.2,0.0,False
ttn,6.0,2.0,64.0,0.08903320954151148,0.49054710798395035,0.17301056055323608,0.01887613700934894,4.752414357401838e-33,-1.7243993716360557,0.036402662903984404,0.8333333333333334,0.0030994116617316498,0.00162189333093331,-2.50898825082673,0.03129965609951208,0.3333333333333333,36.0,4.0,4.0,16.0,4.0,4.0,0.2666666666666666,1.3333333333333333,2.0,0.4714045207910317,2.0,0.6666666666666666,0.3555555555555555,,,1.6666666666666667,3.0,0.0,2.0,1.0,0.2666666666666666,0.0,False
ttn,6.0,3.0,64.0,0.05675882192371483,0.5596467068932933,0.15555043296761728,0.011706856607922918,4.234819839494165e-33,-1.9325964252696575,0.03193358643605097,0.7037037037037037,0.00256669784631809,0.002135094813163,-2.5911720805444913,0.030226606928713977,0.22222222222222224,54.0,6.0,6.0,23.0,5.0,5.0,0.3333333333333333,1.6666666666666667,3.0,0.74535599249993,1.0,1.0,0.6055555555555555,2.066666666666667,4.0,2.066666666666667,4.0,0.0,1.6666666666666667,0.9428090415820634,0.3333333333333333,0.0,False
ttn,6.0,4.0,64.0,0.027629384361362218,0.6974973291627781,0.13436309771103966,0.00712038541201408,4.3660953710708655e-33,-2.14844782232829,0.02642518754965229,0.5972222222222222,0.00200013992015456,0.00153645366604051,-2.6998019538944704,0.027093153339984983,0.1666666666666666,72.0,8.0,8.0,32.0,8.0,5.0,0.3333333333333333,1.6666666666666667,3.0,0.74535599249993,1.0,1.0,0.6055555555555555,2.066666666666667,4.0,2.066666666666667,4.0,0.0,2.0,1.0,0.3333333333333333,0.375,False
ttn,6.0,5.0,64.0,0.014711353000609589,0.7229616812952135,0.12230860240177802,0.0073986215937498,4.783870976942515e-33,-2.131631586176623,0.03242940895823312,0.5444444444444444,0.00212390270678291,0.00228982770525692,-2.6732756112268294,0.031077337371596608,0.1333333333333333,90.0,10.0,10.0,39.0,9.0,5.0,0.3333333333333333,1.6666666666666667,3.0,0.74535599249993,1.0,1.0,0.6055555555555555,2.066666666666667,4.0,2.066666666666667,4.0,0.0,1.8,0.9797958971132712,0.3333333333333333,0.4444444444444445,False
ttn,8.0,1.0,256.0,0.21803018488606982,0.37303264815292936,0.1554025961103232,0.020632358709270368,6.76817004293008e-33,-1.6865851567539507,0.026427407598771168,0.9583333333333334,0.00260833578901015,7.39922507556639e-34,-2.5842963747542704,0.021596231717283483,0.6666666666666666,24.0,2.0,2.0,12.0,4.0,4.0,0.1428571428571428,1.0,1.0,0.0,4.0,0.25,0.1428571428571428,,,1.0,1.0,0.0,4.0,0.0,0.1428571428571428,0.0,False
ttn,8.0,2.0,256.0,0.11181388022730061,0.5271340325402543,0.14746561307743297,0.01431679313913981,5.7481926893605445e-33,-1.8445690931549876,0.027608421308636277,0.875,0.0016957686450297198,0.00090885608913719,-2.7708800759316183,0.02251968014129608,0.3333333333333333,48.0,4.0,4.0,22.0,6.0,6.0,0.2142857142857142,1.5,2.0,0.5,2.0,0.5,0.3095238095238095,,,1.6666666666666667,3.0,0.0,3.0,1.0,0.2142857142857142,0.0,False
ttn,8.0,3.0,256.0,0.0636903142158293,0.572279090336693,0.13565248798107593,0.0088832319243712,4.250126787827831e-33,-2.0525548705094963,0.023897685634981132,0.7777777777777778,0.00143464227180182,0.00138273993964136,-2.843504210351829,0.022954909414697088,0.22222222222222224,72.0,6.0,6.0,31.0,7.0,7.0,0.25,1.75,3.0,0.8291561975888498,1.0,1.0,0.5309523809523807,2.4285714285714284,5.0,2.4285714285714284,5.0,0.0,2.333333333333333,1.247219128924647,0.25,0.0,False
ttn,8.0,4.0,256.0,0.03617857847407942,0.7159930385540031,0.11351383061200346,0.00450138605532855,4.1127457478048096e-33,-2.3473119254361072,0.01718084826755524,0.6250416666666666,0.00103585512446626,0.00080902773212503,-2.9850636053303985,0.01914103567375977,0.1666666666666666,96.0,8.0,8.0,43.0,11.0,7.0,0.25,1.75,3.0,0.8291561975888498,1.0,1.0,0.5309523809523807,2.4285714285714284,5.0,2.4285714285714284,5.0,0.0,2.75,1.299038105676658,0.25,0.3636363636363636,False
ttn,8.0,5.0,256.0,0.02166089523445072,0.760147991053258,0.0916787775258652,0.0046004568347358795,3.5179251953661864e-33,-2.3377115995673114,0.0212287346348319,0.6,0.00103796277767734,0.00111812871159641,-2.9841591198231714,0.02152141338100736,0.1333333333333333,120.0,10.0,10.0,53.0,13.0,7.0,0.25,1.75,3.0,0.8291561975888498,1.0,1.0,0.5309523809523807,2.4285714285714284,5.0,2.4285714285714284,5.0,0.0,2.6,1.2000000000000002,0.25,0.4615384615384615,False
