family,n_qubits,depth_setting,PC1,PC2,PC3,UMAP1,UMAP2
brickwall,4.0,1.0,1.597865091281239,-1.6686307642200937,-0.46761639130519816,2.7201357,6.0679064
brickwall,4.0,2.0,0.19138193470028228,-0.744591894069063,-0.23705271617594043,2.1278863,7.006047
brickwall,4.0,3.0,-0.4787174988193658,-0.000938935681947015,-0.17044532356640085,2.4361234,9.654952
brickwall,4.0,4.0,-0.599536837530384,0.2634822888492236,-0.4235657135242043,1.9716475,10.045185
brickwall,4.0,5.0,-0.6705968425805179,0.6377253443541314,-0.5493981022838965,1.7129999,10.280091
brickwall,6.0,1.0,0.61611856667084,-1.7024462659083015,-0.5862260565138152,2.150186,6.021652
brickwall,6.0,2.0,-0.37356144903567223,-0.4177431967790436,-0.05486947208369001,2.252354,8.361044
brickwall,6.0,3.0,-0.5363519030201377,0.13996659351799864,0.08924934828191966,2.8944836,10.687905
brickwall,6.0,4.0,-0.2792902430901902,0.40789200432510464,0.08756723860439454,3.5161355,10.03803
brickwall,6.0,5.0,0.1007239229265757,0.6127251912843814,0.0341149043428729,3.9748895,9.411407
brickwall,8.0,1.0,-0.026098666321261125,-1.6775104736196444,-0.5839911023246767,1.779176,6.152212
brickwall,8.0,2.0,-0.6219472923305103,-0.2779643857668716,0.19060362548320714,2.826193,9.721775
brickwall,8.0,3.0,-0.2751940813864009,0.1569183015633891,0.6109393877021971,3.5049741,10.542863
brickwall,8.0,4.0,0.5161752166078197,0.26745233707272964,0.758198314178473,5.526638,7.3351603
brickwall,8.0,5.0,1.4372655977269002,0.3358012403299857,0.90881848849394,5.1887436,6.7248673
hea_line,4.0,1.0,0.34842931394804255,-0.04698345488985249,0.21103653982694867,5.1483097,7.8955116
hea_line,4.0,2.0,-0.5415266115885136,-0.06269785305276863,0.22272073923146726,3.0139437,10.199396
hea_line,4.0,3.0,-0.779624080181858,0.401650035401324,0.08931369529907654,2.8301804,11.319873
hea_line,4.0,4.0,-0.54739545706139,0.37723212373456233,-0.2330524422387198,2.1388326,10.519897
hea_line,4.0,5.0,-0.28563279173080863,0.39183157507108907,-0.4859771116493198,1.8512127,9.895905
hea_line,6.0,1.0,-1.2102470857264274,0.5596401613144956,0.19419119096647033,3.0606198,12.286792
hea_line,6.0,2.0,-1.3832030661128087,0.3099250544304085,0.21121966388485314,3.329253,12.472429
hea_line,6.0,3.0,-1.0957888845500787,0.518544768162732,0.15380757865965533,3.0378675,12.06047
hea_line,6.0,4.0,-0.4316083036987859,0.4076576801190302,-0.03596645987841927,2.5791059,10.686443
hea_line,6.0,5.0,0.296023771075524,0.24159742239822737,-0.253267940400357,4.3574343,8.67001
hea_line,8.0,1.0,-2.2573618503029884,0.7814925023247989,0.16661879953105863,3.460894,13.316346
hea_line,8.0,2.0,-1.7385008054828608,0.3150110838905343,0.2823457614551477,3.392257,12.891293
hea_line,8.0,3.0,-0.836344623104409,0.1948585778734569,0.28856037131060464,2.990795,11.472988
hea_line,8.0,4.0,0.4643601302052225,-0.13783664136536705,0.2642495731225397,5.3499737,7.7290173
hea_line,8.0,5.0,1.7597289637541529,-0.5161585563789356,0.1454928416578805,4.449143,6.268436
hea_ring,4.0,1.0,-0.432308850309717,1.0945454529427143,0.7538772663717545,3.4815085,11.165062
hea_ring,4.0,2.0,-1.3104788906370666,0.6974738948136404,0.4204567239273722,3.1909528,12.507849
hea_ring,4.0,3.0,-0.7226114763482391,0.45507735449569153,0.20661882477179908,3.2466397,11.198634
hea_ring,4.0,4.0,-0.16150517001278838,0.2001125071782123,-0.06607096553328072,3.4298155,9.532347
hea_ring,4.0,5.0,0.22925635434960387,0.052833044563855076,-0.3878317460223026,4.074039,8.528611
hea_ring,6.0,1.0,-1.9245672187514546,1.320997675049879,0.42515375509644004,3.3569744,13.220647
hea_ring,6.0,2.0,-2.6469665282106902,0.9711909870173129,-0.2326915987327182,3.5655756,13.653774
hea_ring,6.0,3.0,-1.6340260853201793,0.7128354369689806,-0.16413126028510236,3.2165964,12.824513
hea_ring,6.0,4.0,-0.5130379011035217,0.3321214753789414,-0.23877095443804358,2.368645,10.165606
hea_ring,6.0,5.0,0.5749285599067652,-0.05360856118295091,-0.35502940144479367,4.6541047,8.222834
hea_ring,8.0,1.0,-2.862052724947497,1.417462280805789,0.33977166777043016,3.693204,13.464897
hea_ring,8.0,2.0,-3.2946389797595472,0.7189185191183367,-0.7492701782654011,3.3815014,13.818825
hea_ring,8.0,3.0,-1.9699774441929052,0.33210685569627685,-0.7320686182011863,3.1994746,13.202727
hea_ring,8.0,4.0,-0.22352528852404524,-0.22223109520110906,-0.5958993595904134,2.565402,8.911285
hea_ring,8.0,5.0,1.4897461787632564,-0.8037148546734156,-0.5316906107091344,3.2766562,6.146799
symmetry_xy,4.0,1.0,4.109956514302813,0.3947092469174157,1.5342916655186387,4.82093,6.62042
symmetry_xy,4.0,2.0,1.2398777768090712,-0.6477706080699467,0.8518611172977271,5.5798216,6.699178
symmetry_xy,4.0,3.0,0.6501626426132107,-0.21510823670834,1.3119859031372616,5.90958,6.594218
symmetry_xy,4.0,4.0,-0.4052511238245186,0.04303413380475568,0.3873913275025302,3.2108226,10.399555
symmetry_xy,4.0,5.0,-0.4652366989596937,0.08804400192462544,0.08746493602286187,3.0574608,10.168137
symmetry_xy,6.0,1.0,4.651444511700206,2.069103783417218,-0.2649925780655313,4.5850215,6.8840137
symmetry_xy,6.0,2.0,0.7246567881003133,-0.22734274210926028,0.4944267306171936,5.6026297,7.2818837
symmetry_xy,6.0,3.0,0.4829026306859487,-0.3302478111452976,0.9481203073176027,5.904696,6.9155216
symmetry_xy,6.0,4.0,-0.27742582547700845,-0.35851136769821385,0.13039756366304858,2.5876539,8.353783
symmetry_xy,6.0,5.0,-0.05152716016401413,-0.5181093974929951,-0.1214993852260066,2.1210115,7.684508
symmetry_xy,8.0,1.0,5.375039003002135,3.958050875138406,-1.7891983410021939,4.505341,7.3112373
symmetry_xy,8.0,2.0,0.7354204207748184,0.1381087946146644,0.06884102213835061,4.9115696,7.796998
symmetry_xy,8.0,3.0,0.5295020900285913,-0.504891527484004,0.7649994521003491,5.877873,6.9483256
symmetry_xy,8.0,4.0,0.16298572051005442,-0.8103347278767397,0.14758872682682941,2.5085258,7.212101
symmetry_xy,8.0,5.0,0.7234040315547888,-1.1616575179057222,-0.010011316366479445,2.5282235,6.6606174
ttn,4.0,1.0,1.5697755684213872,-1.6569132259348083,-0.5147336300852821,2.6418335,6.012037
ttn,4.0,2.0,0.30609560022889987,-0.9417719868681622,-0.36350584876383324,1.8500019,6.8166523
ttn,4.0,3.0,-0.33809244798008825,-0.2663623054841683,-0.3620307919614826,2.3546875,8.852534
ttn,4.0,4.0,-0.2748393243974916,-0.049246035070656315,-0.4812767845157587,2.3399496,9.081404
ttn,4.0,5.0,-0.43519577112420604,0.3389895704124352,-0.6836652514783953,1.6314512,9.950342
ttn,6.0,1.0,0.6836903576293297,-1.6822425980971571,-0.6187351946505174,2.3612247,6.2510552
ttn,6.0,2.0,0.10325571590938258,-1.1541088833102155,-0.4427967957167997,1.7612792,6.5305014
ttn,6.0,3.0,0.12885314014489083,-0.7118615541237531,-0.39661187924267327,1.538867,7.0435343
ttn,6.0,4.0,-0.041731783798356126,0.04325954508142409,-0.19882462201046144,3.4318755,8.867517
ttn,6.0,5.0,0.4482336261739948,0.2373140505532907,-0.10542652235211578,4.697248,8.310691
ttn,8.0,1.0,0.017602728708201974,-1.685389062076419,-0.5910783939164915,1.936065,6.3307104
ttn,8.0,2.0,-0.15688751986786867,-0.9563242237894789,-0.11170826367610617,1.8588272,7.1155467
ttn,8.0,3.0,0.44405891474927045,-0.7553206762733338,0.12781160670368844,2.676232,6.9872017
ttn,8.0,4.0,0.746052086847621,-0.08302019475772979,0.4805790330422797,5.1501174,7.166282
ttn,8.0,5.0,1.6554391165551106,0.11189784315429953,0.8002934323382789,5.1324954,6.5106564
